rank,origin_wallet,type,sell_txs,pepe_sold,example_tx
1,0x5b43453fce04b92e190f391a83136bfbecedefd1,EOA,46,32363537518.40,0x042ae1a84b71739da186c000f032f011e5ecbf94645dbd94a9dda5f2c9c46694
2,0x4337001fff419768e088ce247456c1b892888084,EOA,12,10742558329.13,0x260c508eeadcfa8eb7b9e960269a4e35aae4acfc285510f17090b94d157315ff
3,0x7194f3933b0a01b23be11c4c9ac66f74c3ee281e,EOA,4,8233606645.29,0x239a2cb6cb0964b1afe6a5d3169c36f5ecd6020a8231d188b6d124e1c297438d
4,0x458f33b481405be241dd06504ce2f7489d270285,EOA,2,7593530115.60,0x8595f07898de459317aa2eddc5d002a0c0a93516b4bcd2efdd8c5c734f42abd6
5,0x5c4b1c037faa35b0cd1e97ecbbae33140784f1ff,EOA,3,7499242916.34,0x93c315e2aba3cbbf0b7d4bb538b26723dcf5b13cbed1487fefd98de4d8afa108
6,0xff83d6e3a1172ff9463c0cee4124dceade3e7afa,EOA,5,6125283997.51,0x655f6e6372783d211d3dd073de2ecc1ff73044d4c062a356c682738a92c43316
7,0x4337009be43c7ecc9bfbde0f1780553aa065187e,EOA,15,5208428180.87,0x0390dbf0e2658f128bebab7e23e4135823548d672542f821ede33ab14ce8f486
8,0x41995207fcf9372864b0f15534cb86cc304f1587,EOA,4,3939932529.49,0x6aaf8f01cc2827e8f8d14d489b8166b9a69d7776b886c8d302787cd1ab5daed0
9,0x2c1b3240631826cd4f9a894a207c09b6e861dce8,EOA,1,3820051808.38,0x7c8a665a41958f2133e2d134c162cb76f5df99f5a343b9a50f685a369cbd8821
10,0x74d02d1febbe6dfdcc318d386b3473bedbed6fbf,EOA,2,3613940343.55,0x7a269d5d3c67be02a3dd6946902dc5109d6d1668b18543fcf62df483a3f4accd
11,0x56fc0708725a65ebb633efdaec931c0600a9face,EOA,3,3595886172.75,0x0b90bf6a6321104171995ae0dea21b5cf9e54bbe5eec8839718afb743c3d5b7c
12,0x055854dabe7deb658e62d3e93f31cb59caa8d226,EOA,3,3465784844.46,0x7128e2e2be75a7ba48dcb35e6b031000b6df5aa46af62841a67de2b5c33dbbd0
13,0x05a94a8dd7eb1ba5b1114cc5ef18855a221ac317,EOA,2,3152030562.55,0x1dbd2cf6481752781418035e5095bc203e99272551779c6a03bfa3dd1c4e41e5
14,0x8967aca6dcb7fd4acaf3899bc85a98e8a54ba787,EOA,3,2631853615.52,0x877c55f168d8d581bb97004c20a63b142bec91de7b30627266a4eea6f0bc6ad1
15,0x2a31c7c2c45bc8f5e9113ba4c9e3cb6b7fedcfa9,EOA,1,2576989686.99,0x27c989ffb30b2c07a8d818718f913b6f92aa265513e99df04a3a71ca1d425ba8
16,0xb64619712b73fb0e6740040af205a0f8134ef8f9,EOA,3,2513440265.98,0x3c2a53a88b2f3bcd76d73481474666f295c3f44baf371460b855790185cb0090
17,0x50dcb3f5766527319ca2f3be8dae5fd24b72c807,EOA,3,2444264654.52,0x0fc1fae607a385ad03124ef9c2e8ce5506762f5015f41ad08857f515a41482aa
18,0x53d1e68f53616760afa1077051971f7eb39b49c2,EOA,1,2438809890.19,0xd5f25dce99f7fa4973bc1105d56b98d1355b60c995c6c3f2b3fdff570ff101b6
19,0xbbbee26464d8afb26a0a4aea84e7c455b2bf51ce,contract,1,2360931416.90,0xde617ea9603b884fe6760025832df2f9832c95b081571a7ef2acd90f51932249
20,0xa172577031eafd8b03dce022533863fe988159cd,EOA,3,2227533380.84,0x0cb24444f878be5e3d6ed813e55ead1428acf3c6767deaa8e42f08bfa58ac7eb
21,0xe4cb1cc4a206766b891e612ddc0e044306cb45ab,EOA,2,2217504136.70,0x69c2853da1f12997a239712eb1bdb569959e3e37517cf87ba7abca20d1bd28b8
22,0xf8108bc1a9de692161b232e16d2b4e1924757ffd,EOA,2,2183248140.59,0x286bde7d6e1ba733102792584b5cb7668fa6156607596072a29eccbb33276470
23,0x43370240c309f6cc0815929a176609267971224f,EOA,11,2123270919.19,0x0438667dd74174a0cd712036a70badbe5a3b7b17f3f54a644ee1afbb9c4c7c76
24,0x4b2e310b10c9e7cd048c7378c24be1f806659d4f,EOA,2,2115751330.44,0x4b682271399393b4d5e4786d2c50e80373a976f741b3c7699239af210d750132
25,0x115d0a42f5dd6fabf392edd0831932875b3ffb22,EOA,1,1882702472.22,0xac414ae30cc7a44bccc095f99381c365b6e3b6d0c7b23dd6ccb30868a37584a1
26,0x4c1aed6376802c6db50728a4f1bf5d981425d308,EOA,4,1859808786.69,0x18668ea09c46f3d7cebdb3503f943e6b0a36e3301ff662384cffeee5e097669c
27,0xc6b9efd99763cbbab529a834b6d04137d0e380e7,EOA,4,1709435081.04,0x2500472c3f71afaae80e7b95b36c0be986f23c251cd542e741e48b4315c8499c
28,0x1ba98272731f1ab5cc33a02f88694c39916e26df,EOA,2,1614764061.89,0x30fcbbec6500f2e389eb3dc42791c609777466c17a7de4118fd52b33e8db0690
29,0xe6680d000f3c27b148e61346549fddd682e7cca0,EOA,1,1544308411.48,0x7b2669bb2c339d486ce112f4fd60db97f4b43c3d50293d01552139bc806e873e
30,0x87c89c3aecff90bfc3e6f4d9d747198f833b2e35,EOA,1,1352714994.30,0x4150efdaa927dd315539b5ff328c2e4549d65ee0efea5b9b29da0b33ee524f25
31,0x5b5871bfae9e0fa8ca8a6dddf844e5b09c2e0819,EOA,1,1349120905.47,0x94f1721a849800bfa6a138be985cb1fa4a64997909c5e8bf4a25f66ee1d21c30
32,0xae326bcd07536f1d5403b19f41563c70f3275748,EOA,1,1341853351.96,0xe12072a485bbe8a41c7c086057bf89bd403f5cdfe55e85b1f1c754046cf9b57e
33,0xeee899b6521db73e94f4b9224cdf3db0010fa334,contract,1,1325681708.20,0x3fa2fb2313ae77558fdaf041cec484869b6af810f40cfa69eaec7a322419c781
34,0xbee12bd9a3b777b29fecf6097f18aec13db6e013,EOA,1,1305757201.10,0xf9300a3d9f5682d9b8800e483d2e5108e9d0fe9d0fda55148fac77405b3e663c
35,0xdc0191264687637c47f79d1f1cae3c6fedbd607b,EOA,1,1284085491.90,0xc637d1cfb5f072d7ac1ad606b4c0a2f37b45b2aeebf2890f9515fa6a57e808b6
36,0xa794401988f9e484e03eb55a8e80db15968a38be,EOA,2,1207811341.38,0xbc6e66291e935d9a9d741016e5245ebb2602f81fd45cc323e623258564d64d0b
37,0x4e0fb94480f579f136832ee9542d67d92bfe8dd1,EOA,2,1164285679.73,0x746a9ea8ced65098b316c2a624af8d546e3871085c3851cddb13b809ad508117
38,0xcc9f0501f408d5b0e4bf73c3422de880f4ce279e,EOA,1,1112829360.17,0xde6aecb0d6b48348123d01bde0bd3535b7a34dcab28e1374a5c9188922f6f564
39,0xa57e55ec968aaf937c4df7179cc884381b684c28,EOA,2,1087222730.75,0x4c5af037a2fd32c11fc74fdc6ed7c4a1ace76070d9753e715490ccedc755048e
40,0xa2999c77c99be7b103c05490fe0e6d3f93bf5a01,EOA,1,1031941205.18,0x543e91bda63f5862d90087c2aa25c1fb46345818a787e944b76b500059cc7175
41,0x5eb81de97e7c97dde69250e9a5c57331f0d189ed,EOA,2,1019748576.33,0xa091203184f38291d6a45816adc5b4ab491ffd5674242faf6c1be7d470d45255
42,0x43605d68015b0a4df59e20afc77c9413665eb8dd,EOA,1,980179727.24,0x3b3545ffe4fe9631ad0590c5e5c0c28e594b1c879281b8c25b4dd0a5fee772b4
43,0x93793bd1f3e35a0efd098c30e486a860a0ef7551,EOA,1,956139297.29,0xa696a21f30916c7abb43056b3388fdc0ce33e75110ee3eca7c029b1fe78412ea
44,0xf7bf389531bea3ba0fdd3ecd63b8feeb37b039e3,EOA,1,954488259.73,0xb6980587128fcd959fc1965bf65d0ec0077c427bc0f251652c8c5d4d0741521e
45,0x0fc06977378fd94aa23af24ee75b993c265c140b,EOA,2,953907390.89,0x732553faa68de62829161c494a792a0970bbe2625f018639e1d79baa9df1fd9b
46,0xe2e71c4bc2943a132914da31b598b923b09ff7d8,EOA,3,950684840.65,0x50b9375f38a22b294d32804028e9c7d8c761c5466d0ca7fcf46c2911632dd792
47,0xd92c4e3e434e2d05062c7b842a16ccd3e7a5b9b2,EOA,1,920618039.02,0x49ec83a4cfbdb67493623d21e186f9b72ddbaa13c7308f2b8514a1f60c06b65b
48,0xab2f731f01621b529225b3fb47cf404ccda099ff,EOA,1,913977909.57,0xb5a097cf27bb30b89dab14db13ebc19947e8ad9aacf44787c3d5aea79cb12064
49,0x20d05379625b4ed5f91eb8153bb4cf244a2ffc49,EOA,1,900732876.37,0x5ed5076c0792f35df8ba42d6041839b0ad9f8aec23c5760b66eb1af052e94ef4
50,0x4337015333e7c8a3c5af4acd2c4aa4befb0d663c,EOA,12,885890400.61,0x01093ceb3480c88cdc8d265dc08027124659fc983e4e695a66a034016172bd7d
51,0xcf5a33920272e28f220d14c84416474de53f30b9,EOA,2,885481902.60,0x7406369b0dcc0a57d2c61721bb2064d0a9c90c042255ddec7ca7723b12585224
52,0x6077a212c08b711d856263081efcc994b396f7a1,EOA,1,824628753.47,0xfefaf4335bdfabb1e8cd2dbff1f0ea2a1c21370530090b79383e629d96d1e42a
53,0x433702873e33d4846d399a75aaf96eacf181d0b2,EOA,11,812688076.57,0x01ed9e843822512b620ce48d1b18cdad711f1a0e9846f402ad5a1b8966c274fe
54,0x872837e964d00e1e11b575e5b338f2499b7046c0,EOA,1,788332004.65,0xe427d9cb257868ab5d430e97f994405de08d1006a8a2bb62734cb6ee081625c9
55,0x3131f201bc68c615e289fcfdd6ead12e8a94c768,EOA,1,784691902.89,0x3b1f4a739629e4fbfd7ddbc0047fa2ff96e2499072de60c2890fdcb85c92de05
56,0xde2a3b8017453b4068a7b2a692f2456dabdb7a25,EOA,1,746444488.89,0x0783bdf0068e42ed63e2fc6cbf184e7a13a463c8fbdd31932a275768e29eade6
57,0x7e43d3a147f66a953979e4272f0368dac3a5c826,EOA,1,742121314.71,0xd6192ae8a908773151f393c9386cc49ee4c724e784ccc50e3e230ad27275163a
58,0xe97881a663a97b1fecbfe51a6318f2d53c7a49cd,EOA,2,733681220.42,0x687410e3b3d9f11f150d2805580f026873af7347a3cdc15b0a20238c60a8fd91
59,0x17fb4a31b8a468cd5be0ea6e037781eb5f19643e,EOA,1,621299672.09,0x09ab38f63b5179af2b5903e89241b67b9dc17595dec6cc19cc7f0ebce34b6e30
60,0x0ca5dc4c3b675b441229fc1d8e8b5ad912588e5e,EOA,2,612609318.02,0x0b00a80cb5163a0050100ce365b8e2f48c56b9dcd7cf7ca65d8b5e0d28432a2d
61,0xd530068ae13de839b9d9f40364b780e9345422fe,EOA,2,609979743.63,0xac98def7b0cedfc95dc0b1e4a6ef780e7e97cf4e50277e2e5988a5c95e3f0f1b
62,0x3f0b508763d22acebbe62a2362c1eca06f00ade4,EOA,1,587078462.20,0xe19e45f6f9bab3b66b5e40da97e374af3b52094bb713704a0f77fbe96442ebbc
63,0x0e3e59824b920e63911eadbb49d714ce90376a6f,EOA,1,579500684.18,0x08e59b60b45f862ef20b37e4d8fe3f99a556662c57e2f69de84a0eaad5d74ba9
64,0x43370308b53e3611521ba48e2f7632a5644d7b1f,EOA,14,576687244.06,0x1fc077305a2c4f78f1f1fd629f9ecf76f1b14d1e73d1bce57af35449e4667570
65,0xff7f47680660b53ac58ea0df732980df69aaf873,EOA,2,569172918.62,0x7da4317c648b6fde9a8ec4856903723dfb13beffdc0bfab73ab34a6ec7ddfbe9
66,0x4d6f90d12656b411a70102ff82f17e895f7092ec,EOA,2,534052759.08,0x4bef4fa287c97bc8f476a2eee4d282b23c02653efedc612bfa463f5225229343
67,0x1057c855a823203b32f49e1c1741a77fbe13ae31,EOA,1,478824876.76,0xd9478c4dced3fb85ddcb1019b2b52514e458753d91bba372d28be4769dc2bb67
68,0x89621b037cdaf3629ab9aa6079fc0bd77dab46fe,contract,1,456196037.94,0xced3fe7be08791aa0850f4847c7500507c1066940f4b5529ec9107541631c9fe
69,0x6e1227282d945b98e6e6e6c2c0fcfa33bbe22cad,EOA,1,450420150.14,0x796f610c6d20f717e4ba62066b2aa1abcd420c4a4a000e0946068f3ee8917cfc
70,0xdde06e9cc710c4f9ec2b838463cc550a7027f713,EOA,12,418566110.86,0x15fd46b066a7f6e131c79a45a368580b6493b578c84f460c7717c1bec3bda20d
71,0x188c91daa2dd6b99331a65f87be6f9b0f18f218f,EOA,2,414181545.29,0x425446234e9d3a5676bda005521c9f1fe14ef3d0bc477f02a7ef7264da700c32
72,0x2c0aca65ab8e5a53c3b45458fe34ebb231c3370e,EOA,1,406498305.77,0x2801893da63bc609f1403d87e802e84c12e87319b6fb9d65895fd7064e3f2a80
73,0x4337016838785634c63fce393bfc6222564436c4,EOA,10,385497883.02,0x0729463ea09523bdfb7e8edf7066155dafee28e80fc074f0be2c7ad9e7f88b79
74,0x0451dc7b247bbfb528b3f9881512ced65b47fac1,EOA,1,385050433.24,0x4cee6089d00ceecdc9a138280ccf2cd7a0f37d8e034f5c807a22ba5fdf5781c4
75,0x1f204a761ca818737f8be5a77663a4479696c750,EOA,1,379025907.49,0x6f6fa7b751b38e1ddaddedcfbd3ae9d782d5769b46cc52bdf9fd4132dcc4262e
76,0x8316174a0f13c9aae7f2409a19ebd8ec8c69aaf4,EOA,1,377170599.88,0x99aa25ff65f4fedbc289462d9bd033c29415a29ad0f1ce39685a01103fd2682b
77,0x5ec4eba528c8eb8477ae9ec625555f412a710c9f,EOA,1,335474673.05,0x6ca36b11484b730c79ed721d9ffcf3eda1f99709014f8fbf7a5c92465d2db09e
78,0x1144e4ccfd34a282297cf59094483b8353daff0b,EOA,3,330371345.17,0x2846d6f5ba2bd6ec8f71eaf995727914e3fb20144cebd7edbdc9b66cbe6f2403
79,0x4337007ab182ebe9cdb0bc4b96734c32176d44cc,EOA,3,323985678.86,0x07d5a460ef8779da2a5ec1e7b933c63d6d0de7f6fceac68c2c52abf4236cf158
80,0x4337026d731283f9917fa3c9194d74809bfbec26,EOA,16,306918017.07,0x032eb3226a7b8438ae2265cc3f24ff116daaad49118a7ec68dbf3eba4048ba5a
81,0x03d9c4e0840626354d395c01ad5514fede8c7f8c,EOA,1,297052435.63,0x03b5987154939246e27955a270acadf9ac9da42ffe11564eda68408950f8037b
82,0x5ed864e8f37dcb4f79c5172a815d1b3a9147eaab,contract,9,275495887.22,0x00eb89389aac29e30c661e8b8941dd19d11afab7cdabad44b739c039578b6e61
83,0xcfe736c393f727626b0262b0cce8a1c3c4f5c430,EOA,2,271381206.26,0x730d1a5e46524e023461f7db1793d6d6b391a00b3c657e81a9453bfa4f41378c
84,0x408613ba0eaf85675999cd3729ea3cbff84a6b21,EOA,1,270897030.40,0xe8711af9dba07556cb060e1c757d3bfc13cbbd1f207846cc1bcb0ad2b12181d3
85,0xa594a83eccfe5fc56e5e2400bf9abbdd7781a2d9,EOA,1,264325257.53,0xf011f5c261acec60e60b35ec4128eae103a423d89345701bec2b295ada9964a6
86,0x1857822ee0e8aeb94e974dfc543c51b395f4d6f2,EOA,1,250464754.51,0x97a1eaf49723017d55284e0926fd6a426db6e42cf3cbce857a27182352b4b127
87,0xc7e405198f52d4da911a7d58bb4fe4c8f67be077,EOA,1,233067205.28,0xd4984431e4a3bbc5bef3f031e34ede5244299305d8ad1524199e17be659ae6bb
88,0xd5a809d6dbee62a34cf4106080c6e04b8d9ce285,EOA,1,230231516.08,0xf2521346f547970c2264c3a1145fa44485b28d97371aa4c224ddf160cb1d3906
89,0xa05dea676e16b2168af4a612874be2322cb720e5,EOA,1,228028912.00,0xabf2cf3ff6cc65e7f43ca199605c0d536f830c58ddd6b8c4c58307c5644bc4bf
90,0x98af92b842df7334d43eee231fe8d6e7adf8f995,contract,3,216423438.55,0x115a73bd212bd4ad5b219561c55f0f6491ea8e1dccd1913f39290c84110b618d
91,0x4337023cce7419f20db4057b4dc3e2ea0c2151e0,EOA,15,210821196.11,0x0791d23d48c31648892bcd982b5641a6df4b1c264a9a7f24cf3e1fd00b97f0b3
92,0x9572561ebe198566bba3b4e7c53f82ac27587431,EOA,1,200131058.69,0x152ac4349f42d1cafe486ae41f47be770797e8de2cf871dddb0e11f2bbeb9813
93,0x9f6ae0370d74f0e591c64cec4a8ae0d627817014,contract,1,200000000.00,0xe4fc7a3ef3c3a0e213ced6369665cd5fb594932626eb9fb2a4f6239aae11629c
94,0x4337003fcd2f56de3977ccb806383e9161628d0e,EOA,11,198229978.52,0x0c224d857c0ed169d3869a6e00dc3d56eae735341764f238efe37f1a0df7416a
95,0x43370146366cfea21302962ae3a558d72bbcc487,EOA,11,195356522.82,0x10fdbe29b09997259cf5b4d0eca7c84a96e802de28f1b6eb43cb55556de7826d
96,0x8473bc45a5f9b76a8794cde52b12793d53e81936,contract,1,185632860.44,0x73a22a10b26560d056b8277629ecd76732c31125289aa9b1b671cb5ca6204da9
97,0x4337013ef5cd421cef649fc58c1b0defd37bbeb1,EOA,13,180105451.47,0x0ed9ad6e406bb768957abef1f6470edeb9b5e634ef20a476e9b822b36c3054f7
98,0xab7b44ae25af88d306dc0a5c6c39bbeb8916eabb,EOA,1,178789388.59,0x98fffd69c5a4171f86a5732ffcc47f0bc43bdd8760a1d691d57b4d18ff0db550
99,0x4337005db25dbad41da5692ba1188751ee5d98b6,EOA,10,168116348.62,0x01438f7e919fb6af9f768612fd87efd6cc730f09cc416ac8188fa71682cbcfdf
100,0x50581cc596f1aa7169eaa6c04f963d4755ef63f1,EOA,1,167769296.74,0xb2c500e253a0eef5653964fd0a151d3acf4a64ba1bdc4fdc086caff54f89d327
101,0x43370108f30ee5ed54a9565f37af3be8502903f5,EOA,10,152767768.92,0x0b461f27613cf4a1808aeec9e6852fafe5e99e77fa5000969854693c9f5e9572
102,0xeeefff8ce2710fa490e0fcb794235e873c252d2e,EOA,2,149474882.73,0xa693ead399a131ab5d157b6039ededca6723a6e7277a006acb34f813714bb866
103,0x4337019d937ebcbd73dd750072d86c1ce664b350,EOA,4,147600731.68,0x1eca0127704c7198940e54c38ea52de17313689f679212ab25f60ad23017036b
104,0x614f51770efdb5dde1ebd1d3e11699e430c0ec16,EOA,1,145058250.00,0x5743408f64ba9bcf4d915fe05d7b2594cabefac5e423a4f28692ee5a7e11d62e
105,0xa100e86aeb81fefac06b0bcd7799e9a1b7e87b40,EOA,2,144811272.42,0x7afbc88d0b41ab410b956a7576bcfa0f3ccb61b26d545ad0c8205b669199eb2a
106,0x4337020f43d3d7d2f5e4160397efea49aefa5e7d,EOA,9,143525223.43,0x3a296d4b5b8757f80bdd4f860f39d1f990bed175ca74aca8ec423d993348c39e
107,0x43370277ecaab8cb1f98622138efc679f9ac3063,EOA,10,140689932.18,0x6ec1df4c65be439b5576cdc1eb34fdf6c2b4da7a7602bd525d2a98738d5b5427
108,0x43370250bfc02c7f085cb105558da41e9cdb2d79,EOA,10,140024412.76,0x181073654737bcd279f6c61085340549fa0da5994ddee30c0b38fc2beb517674
109,0x145d5a6c6d41d74d7cd4c2153320f5075a69de0c,EOA,1,140000000.00,0xb7d3c70d57bcec6ffbeacb07fa9c60afc882b0f3a56c477587be90f0a0a1d277
110,0x29101e3132b11a0199d66900eeb357cb5b22d93a,EOA,1,133247823.12,0x01be522489b3c32cdaf49f60c93cc4ca5da5d7e75ea9405b4b852011f3951329
111,0xa5cc23d20d60660578025a25e036e26015120810,EOA,1,132868812.26,0x2f25a66669dae1b2f4b53c98f05a0ee52559b0e0ce8ae2634eb2dec6ce46da75
112,0xd175054742251f7e5096b2540b147cd0c4a52105,EOA,1,129096000.00,0xcd2c5e056add4b6c3be3405c913f16126bfd1166f93145067dfbc240d71b31fa
113,0x7202932b3be70edf0657d5bada261d610e0d7db9,EOA,3,126876095.51,0x6b8928bfefa1bf7f3db5e197ce526e2ecd2b7b654a1971e5bb6e4778ee83ce87
114,0x433702948d7be4201a2bcee6c349ad807c547a5d,EOA,11,126734279.62,0x48a58d9d758a6bbdca9c9cdbf5feaeabf2a7107633090a00204b9ea6e9ef94ee
115,0x433702256b464248dcbe403c1334757be4ed9f26,EOA,12,126180459.96,0x291bb883eab33755b7869be5f9f115a5548971272550600dd54aecdee99669ac
116,0x42680f90ccc948a8483edb18c69ffabfe63b6c91,EOA,4,120323469.93,0x8cb42e6ec74c6914f3e6d5381462ab92b745569d1680fdc7ba816e1548d47953
117,0xca7ded7e4f4ba8ab3b10009236ae6d1b95094589,EOA,1,120095742.96,0x4cc452d6f7b1e016fc2196e44c0b90154f8f8e99ee0882d0816753032cc0de2f
118,0x4004387b4022fdee417d9db93d76c9e955f4a376,EOA,2,114453476.43,0xb9b7a8e8efbe82361561ebba9a7a6f6ad15da4ed68a277602d013a334761ecba
119,0xb75daa043244722425141b1e3f5ad5d103fd7bc6,EOA,1,104418427.08,0x5ec0f73ce20e9127e316ebb3b6f41dd514dd8ccc72dd87a231a00f88d86567d7
120,0xbe6bbb45c0be7cba3087d345fab9a71ac88af200,EOA,1,97704087.35,0xb5f56351f53aabf1d11c064f9876adc15eb4ef63214734f657f171386cac17b6
121,0x4337021d22bcd0775a0fd1b4a6665051dc15d995,EOA,10,95865341.21,0x08859aa6212f759d8f053053dd7b28f6c2acf7cef1e60925707c3f16c9a080fd
122,0x4337002c5702ce424cb62a56ca038e31e1d4a93d,EOA,11,94196358.17,0x39d76468f239f2f71825a09bb5fde75b8bf2f287c5f246d4e6484d156639867a
123,0xe27d4cb1759bae0188126bd62d415a6fa528ffe5,EOA,1,86494520.89,0x831312a079308f37b188fe2b61f2681549e375bb48f1f3fa31ffba6b700e0f6e
124,0x4337011463ef6bd863e47e7b5e743d2522261131,EOA,6,86371053.29,0x3c09937f5a5d3ee1cc97c316e78ea8bc793294506e29d34c081dae530457ee6e
125,0x4337012eaf1f862b8dbdc6b62a01782ae01ef038,EOA,9,82842009.76,0x0ce77cb3ef91cb119a6e844413f2dc3493a07aea37261fcdd4c3314ce8ebcabb
126,0xccaf5bdeb4aa2b3a8611f0aba7fc381c24104bbe,contract,1,81132821.00,0xb4257059808770a9927269d2c245669a858f2d86b54c8be9fed4fd7227562c38
127,0x07ae8551be970cb1cca11dd7a11f47ae82e70e67,EOA,1,75680149.70,0x451e425550a04aa08aa5d828ce4f8918d36c938ba1aa83b2436d173f14190b6c
128,0x4337004ec9c1417f1c7a26ebd4b4fbed6acf9e5d,EOA,7,74127876.62,0x0c6d14850d9c2a3015ba47d42fb07bd57d53510bbfa695a3b4a31552712b14d0
129,0xad4a1df1641024914d299b43e689bec3033d98e8,contract,1,73350000.00,0x1b32312a905fe2db820d14d19dfd85da5fbab5fe581a7e22a6d11ff825e1efca
130,0x6ef663ceb6cbb2769d3fac5745a5df962c7b34de,contract,1,73207314.93,0x9e718aafe1d7c4bfd66e17c721acb5cbc288ddf8df92f888d62a27b64ae169b7
131,0x4337006f33e2940fcbebd899bf2396117e65df9b,EOA,5,68764264.34,0x126aef76dbba0e99107b28ddb871210d76301a24835c07cb89cc5ff82d52a79f
132,0x3e08ecceba6311fe6d864849351740aff75b8d1f,EOA,3,67998543.97,0x3ca3a911a5783f7389c446176a27315f6717f69f58202994f7a2965150e03a97
133,0x43370188473a398394e4ba4a7c7cbb2c6265e22a,EOA,5,67593070.43,0x4c80b3ef0e37714da5afc9a0a2a15a687dcfcd8f9b3c413aaa3d580557fc9433
134,0x83c7faa2148c0eaed1364b7639c8e7dfda7379ea,EOA,1,66174010.07,0x6cea8a1924d5dfaf63b5acb435a5445a2f650dc231b0978824f02855c11c143d
135,0x3631ed20489f51ccd05d1b857e6a18cd7e81c3b6,EOA,1,64756524.08,0x0b0af2fabe24f6f9882556aa2a703cd64ca9265469a00a5b708c0ac9ce31c37e
136,0xa0a01970ba9a647aad6a4cb3b2cb7ec8f523bf8c,EOA,1,64000000.00,0x5d28adacbc3e0d9bd126e6dbddd0892952bb9c1158c1461cac2097d61af0315d
137,0x84434127eea6da0f5393d61315b9003c1f31eb92,contract,1,62181868.84,0x028d5c684923f91da2531ad76ebad147509af2164541b0afdf5075b26453da63
138,0x538eae3017ef7e48af53f7a4d0b1f4d23d68df35,EOA,2,58868003.92,0x315e9c21bb20889097783449d92d51dd30cc80afd2160171a82e00b267439d6f
139,0x9b93f30fc557893e2c74602076e215e0724ce147,EOA,1,55003281.57,0x3aec38295397ecd0cd1c91aec899abc55ec1e07499fd5521ce46b25695c6f4fb
140,0xc3585bf5987983a7cbc4542eb9f5634cdcd30aee,EOA,1,53647661.00,0xadc4558d47a7f67013934686d8aef49d466b56dc5dc36d1707a3834490b70c26
141,0x7a487139616ce45b2b6b2e334a504994994df1e4,contract,1,50960944.71,0xfbed7505572b8e72addab5d1265f17381d11848efefaff86f985b20717350feb
142,0x9a9937d0b41931a5ad0c9cfda9ca79b9a78bdad6,EOA,1,50023045.80,0x915fa668da8d558fd25f0eacfa90af02b87465d1e17441d876caa58692295139
143,0x18148a7120f3febe6a14865eb938d4aaae4c5135,EOA,1,50000000.00,0xbff30f58f5cffcd05001ee65c19e94b83100f95610ee00e5b1db7baaacd00dfe
144,0xb6b1581b3d267044761156d55717b719ab0565b1,EOA,1,48909736.42,0x18d50d0d7daab86280bf8f63511e43a8cdd2ba237f50b671a10a86820273fa85
145,0xf1a9d4ff173bfdf2f9a3ac0ce9d0cefdf5d3e028,EOA,1,48652054.41,0x8b444cb5bd08d3a7265d41d77d463788998eab79381ccf8e4aa6e2b78626292a
146,0x4337017d2e3f5e4160a27f6fdbdc38719343c62f,EOA,6,45885609.55,0x0995d5bb8376cf5ee855b91c3af6fd8c8d073b94f9787fce9f8b56a474aa2443
147,0xa774ae88042d247bb0e4184d0ac00a81c08b0fce,EOA,1,45460161.42,0x15dc8c5b3631bc891bfbf562f06427c7390ee6056f80bee2462382bc1869b4d5
148,0x00d78daf782921b27a6b407d34f19842c10a4a6b,EOA,1,44883283.40,0x767e4cf602a41122c05f303035ab5553974c91125d0e535bf691557604853fc1
149,0x795b9aa49ded986e16c089a1113b9d5b3bbe6e66,EOA,1,44150110.38,0xf22ed19e57d8247e32b60ecc07b38c328accad58baca9b1e1e2ad61bcf004cd5
150,0x433700890211c1c776c391d414cffd38efdd1811,EOA,7,43668142.20,0x154ff1d90df4050b793e2c402ea35b386df37fae51148abff831e00400506275
151,0x306d18e234a36170c2a95c24009830ed7f270526,EOA,1,41471515.11,0x696d6dbb5b22fa475f658aa0dd0e730f980a0fae5f760af132b78e6c4561efb6
152,0x77d2b23056ac62a2e86d830d35c235e0668991ed,EOA,1,39051104.15,0xabbfb85fc757ff7d53c90806a343ea43a4d8e6d6d7c1ad052c11c54e0658ac36
153,0xe215b176b3157fb8dff31d7195dc833bb0862247,EOA,1,37625587.47,0x6275a66bba3daef45b3ee5fd4571a0471a4d4a19dc64d6aca38764dcf8862c1b
154,0x8a494ed488c5bc157e0fb2983fdfb90e2d63b691,EOA,1,37382790.25,0xf98c70e64fcb3648ece25b6af0627b682c08f56881da9978015a6008c06594d3
155,0x63cc6efd5a592adec3e5b9451a29f2baf377879b,EOA,1,37129468.96,0xd57872ebe389b8b830513be3830f567b9ce020c857702d09d4352d5db92c7331
156,0xa995ce21f88a1011daf09b50cd807fea3088d102,EOA,1,35513306.81,0x6ece3c509abad0e8697704babd5c8c34c02504cb8c021091e3cc8325e9fc2237
157,0x60abf6b3833a91c44d9c8e2e8954bab4492612eb,contract,1,35000000.00,0xf2f5e97992264618d30c39dc60dd44466478e7fd63e3ae624c587fe999f3caec
158,0x44ed78ad4145e24496b07ba55a048b11dbe0adfd,EOA,1,34800979.92,0x8140f9d9c402b38b236e4559127f8e5301fb87249de515c078c3e32d64745cd6
159,0xf38ce55fe4e517e77e1056a54e64f22d43d88c3a,EOA,1,33336684.95,0x67c6ff54a32ed00957641fe6aa97b1f6a8b133a680d36ec540bb060728d6d51f
160,0xa2ff8d7520e8cdf905dcd1d6e700e0cc2c1fe063,contract,1,30759935.93,0x50ea134ee83526e7d42def2f46cb2a43e867b6a4f2f7722c48970ac58c4d4b53
161,0x6c23bd811146dea1ae6567bbe562c5973ce38ff2,contract,1,30597427.45,0x64413d604e471263a6d96b4ed909f8e05a7d2ab3073c4d75386f73fc437a2b70
162,0x57d46e5a393567df6cc28ae8411be2dd9ec96e97,EOA,1,28409165.05,0xc1640bfc466e263fd52aad4d33931c1f661ffe230b9829ee611784bfeb4f63cc
163,0xb8888b7a6098b2312586cb7cff3d629629627d96,EOA,1,27159466.71,0x04601946253d710596f22f8b7dc3407bf3d72f844731faabb6993eefab0f2bfb
164,0x732b5f22e05b1262357d657f98aa82b7bc1db192,EOA,1,25818702.46,0xf6a104e33d3ac65c8afc649db52efc97c74e8731fe42aa18a963ac665d14cb82
165,0x7556699aa8e6a7c9c69bcfaf9debd05f8192b063,EOA,1,23490243.01,0x4d87b694540eb204920d9d40b0e43cd5835640b92d36fe5afcae20ac3b354f39
166,0x27118a27de81068018a39e17e0869d38cb8a9903,EOA,1,23306031.73,0xd223084075c233629823a7577ba92282f47fd434667a9ea0943e14267ee0f41b
167,0x197d273b528383c8bcea0d985271b253c7ec4f78,contract,1,22759455.76,0x029e08408c76d4dfea49d284423285c6495f148042afd13fa37aff6887a4fbf0
168,0xa5c86c77316abf49cc8f1ea3ec2cfa1e56dc225a,EOA,4,22662627.24,0x5601f3c46b3d4217b157076988f029d91b753696b7a41768c23a5107daeb6523
169,0xf8b64b6015f6feb1fbe79bb512f1113e829ddd96,EOA,1,20248571.46,0xb0ff1ae342d79abbff4923be58c4ab9676a145a286083a588e342891b1e60ea4
170,0x6076268340bcebadbe3ac212e8d2f6f50aa40da2,EOA,1,18700520.62,0x57056c141651c53d6b606d80fd6618eced778856a560d2f19a59608b4defc9e8
171,0x05917c2b4811e78deaa4f68f3900242acfb9beab,EOA,1,18563480.33,0x2455fccc325e0dfde535cf836a71ffec144ab54e5cb261d2b93f4b2c1814aace
172,0xda7a0ff9819de9ef98fc499a7d9d667806cf8d7f,EOA,1,18513387.51,0x1bf9e39c80e9abcccc0c98ba12a76972fcc214b243f571a1b4de4d50b0f52077
173,0xb870fe402f87157bf47e7302900b6b947901a159,EOA,1,18023885.91,0x996496a9c1cfc8e4c7b7dc5dca55a1399f11ab03c1b6e12ec109b7c5d093f20a
174,0x64f3131181680c7e666fccfdac9a81186c17af2f,EOA,1,17995592.14,0x05e20cb9d6bb0102efc64324a0a874f50f7a7cb4872dd870eea04116f89ce6be
175,0x9a4e8901918f97f967e3928851a9a40549be1b6b,contract,1,17558321.45,0xd208bded614301a1d395608d1f788668b0e0b2b203421c8355f7a334732c817f
176,0x5db5da44c18fe887229494fbca5ca68a9b827853,EOA,1,17221989.98,0x7e1e5cd3232331422d17d32896ffa667c179855c4be360892276b0b27577b090
177,0x85b48fc89f12ef60e15b676be8227e46a3eac48d,EOA,1,16971845.68,0x071e82fe9015be50c1dc557b8cb0a572e62b888de507c9fab8a0e03c174dd08f
178,0xae2fc483527b8ef99eb5d9b44875f005ba1fae13,EOA,4,14903029.04,0x15dea3ac7b2dd2d516079c5387652e093c84c47d2f0b6be0acf5d9f02d38f2f6
179,0x874217d740726b983f5d2f9f023aa37ab24f1132,contract,1,14711196.82,0x1663f3ec1b53927b9e81743b692cb139ea59963918bc01b74cd151cf6c0a18cf
180,0x11564fd96df2bdcd11326e070ea6bb54d9951fc8,contract,1,14034085.56,0x367b1e7ddb70b33aef8c9c338776a18d7c8dea5f17c9cd58db282b5c52c38a8b
181,0x8f47a238c7701247ee8469ddc37ac1df121cfcce,EOA,1,13893030.13,0xda3588a6796a6b949bc81c0082d7a5cca8f87941425ac7c1572d38837d972ce1
182,0x56c262027e0de4aea31d2489529cb25d23e58a8b,EOA,2,13004848.13,0xa7f8c8c12669872a359ba5cc99624acdf30d55430dd56aca21106cd66a0a1442
183,0x196c00c1b00000000000007c00739ad9faa3ee77,EOA,2,11023629.26,0xa8dd5e0b00fe8ad32b506409152c80381c726c835844714b1256722211260280
184,0x259c8f3e9db948a7556d19a4d0555ade56896396,EOA,1,10132466.18,0x674dd62cf2364d58d363d72b335dda1a9612777e9fd8cb41abcb924c3a5eb136
185,0x003baa012aa04d61f5af86115819d31ce6163854,contract,2,9879739.07,0x26a24ebc61e2d7d98bff420dd0fa92b808ea1517efd33775f1650c93d13776ad
186,0x3065131d2505f2e11cb3f49b74011472618b3f19,contract,1,9579047.59,0x96fbcac2ebc1c4b29a0fb45e9a7180268eead95da487655852c282c83ae698f3
187,0x0abb9fa51ff7dbca273cc41e7ce1b52f086b06eb,contract,1,9465845.68,0x3710d9b9f1123d6be6713bbc6999b2f394c66703676e250bf1f9ce347bd2c226
188,0x6f62bb6f840aa6ca42c4532499538d3d0efe2750,contract,1,9331529.19,0xd7ab7f19a866eb8a352fba2c9cf98e07171de5774eacfb4fd9f5836a7da87577
189,0xabb2acd3be814a80e502575d6c1dc5f789e9cd10,EOA,1,9203599.53,0x145cac78cdf1f19fc797b86dfc11e61898acd39c15139f7525d6f6c94d5ccea6
190,0xce525ee0eda64472a904b2ade7c66317f01b3c39,EOA,1,8873667.60,0x5a3e0610e14ad70c808c78861b6bddfe03f35e68918494b274e922acdf33b6b0
191,0xe0d8912f4109c5c25a32947547e68c0243eb3cb9,EOA,1,8585877.28,0xc17b3aea292d403bcc21d711ad7b74465c88fe30034c77f0f39ddf141678dba1
192,0xe75ed6f453c602bd696ce27af11565edc9b46b0d,EOA,1,8337017.51,0x895ae9b18bc0095418d30de4832add3fdda6819fef5c82fea7bfc93a9e9ae3b0
193,0xe469ee44d92bb173b7edc576ebb09da55dbfe32e,EOA,1,7485613.89,0x34563f923bddc688e051da400f14e83ba913f00ee1e045c6ebf161cac7dd4669
194,0x854f418dd7a9255d5aa71b731351ff52e485ebc1,contract,1,7482742.19,0x81be124c8dc14a1c43a63763e8555cd065138908828b61f9a4432d97178b7556
195,0x9b2b3f464baf2d3c512d87ba52efc77dff897b16,EOA,2,7380602.30,0xc2c727410957f8ad4aa9dac28af1c3eb0e6a7c497ac806ef65e3d77faf5e1b75
196,0x13ac4da1d3131630cc51ee8b858e7294f400a212,EOA,1,6969704.39,0xbe9f5316ac890a3c23c32f5452f402580df7a4c3eaaff8764ab52cd093e226e1
197,0xcdd37ada79f589c15bd4f8fd2083dc88e34a2af2,EOA,1,6906769.00,0x7260c95e35abacd3b2fa80173ce6871aee4b059d3e22d17a246af8e4df6a7f42
198,0x7d344a2d90efb4544df07b5c510fee99b81915d4,EOA,1,6849860.31,0xc1afc5bec9e0aa4b1598e8318b5345f778464588dc30c1b0e3f8802a1cbb4ed8
199,0xbdca3ba0ea5da828be7bfbaa5aef42c3f8a77ddc,EOA,1,6662103.96,0xa70f37e3d39f45c1d7788eebc936ac562bb40daba19e6c0c3c9d983a1f93c178
200,0xb5f4574636558362d62a086094822c1de67e921b,contract,1,6520549.30,0x5051e23c1ffc80c14d2fb71ff221a52fb7fd4b1224230c6a1ce50b71df92d962
201,0xada5bb90d0de0bd1b6f3938708f49295a8d1f7cb,EOA,1,6428288.28,0x634047e8a6073067d7221a23cdbd0887afe7f94ecbba3c12a20b4488ff182a08
202,0x85b40e1bf217a88dda1310a788365aeba62e4445,EOA,1,6272242.78,0x89d083f7ff206061e6c0bf90bc8afc55ff4e268fa6c80186c805c8998535f503
203,0x32a5eb9f1fefd1c6f02a2308e11e398b343b4412,EOA,1,6229507.22,0x6712b92b338dba3b6b609c83255ce206bdb5ff914e49c660a9a3f60bd351a269
204,0xdac618b71f7337c8b663c370fee7b622edcb2335,EOA,1,5690658.68,0xabd69df98850c4bae3bc34495d832e621d117fe776678f1c62ef48f48a433e8e
205,0xf310818d64068f8cee5fc5ded155f90e0970b801,EOA,1,5671108.12,0x10c2e51c50b79a4a4ed8ed35ccc79939d57d3a97245572d0ac39a7a6c7531723
206,0x27c2a1733f14e1247c5feb1c37cd52ae7d0d2bf2,EOA,2,5486746.94,0x4c946e227a06cfc4ec544e84626991201a11e019ecb63706a1409274097ac7d5
207,0x67676767d762bc8c3f92e32c644bedb9dc424157,EOA,1,5327927.05,0x6946ee4e7f1a5f2860032d9f5e36e0dcc56074dcdd6d7b0b995b40ebb88af6c3
208,0xecc1e8d896e80037b08fde1334a9e22ca3100c44,EOA,4,5196526.97,0x0e7d3b7bf5a42bc9075273a3b35aa8c99630b7103f2e7f48ca7b96b5e54d893c
209,0x0000007ac1a9553d4bca454634cb435f1999544b,EOA,3,5109980.34,0x1e22dca234a68edaf311cb5a95ec89e68fab3304a2f7849eecebeaa68954ed0c
210,0x395036fc3aa726ff4af73e4a2f9e006a16084288,contract,1,4566565.25,0x62caaabd97b5a4c8e0d108d779457b009b128d320b5197e2b875ea382d1149d8
211,0x0f66ed0af7ab5f732e6b7b266234a086b3e15fca,EOA,1,4459798.55,0x6736f43214ba4a1b2c8434e24c39f18805ce0c0f293ca4dda296173c480b02ac
212,0xc0ffee48945a9518b0b543a2c59dfb102221fbb7,EOA,1,4449386.19,0x531ea1b69bbd4222dccd06ca9fc87d6144dbb0859c767c81942bef3328624e66
213,0x979159f671779a9be573c8a1217ddbe9990e24f9,EOA,2,4221674.16,0x9e15125dfdc9bb8a06e872fb10f104dc8446595bb3cd77cd4ef69734900ad1be
214,0xa83f4a8193fc6f7b9ec2090ab154a397d1449d4f,EOA,2,4001108.29,0x8fd11f68ca5de6d4a5381961a2a3e69f2a1af52634053d202fc49fde6bd85bd2
215,0x99167e31543243d1bcbb21ba46a9c19115fdc208,EOA,1,3312358.12,0x363528f986e85db41d60aca7e4ab86bc75fb903647dfd3a7386581bdf840ef16
216,0x6f63d6bc239030951f694a6da78b2d4d54e6fe97,EOA,1,3288657.03,0xa783eae93af98dc85a424e0b39ef14cfa238694b4aba5ce62d9ace97ade00666
217,0x21f93d41012c040bb4151d36c3b0b69111f13782,EOA,1,3210197.74,0x33651746b8181343ea76a92a5f0ac373f06efc6c3245f6eeca030cd59d3011c8
218,0x00000000ace506f44eec2858e7cbbc86a78952b0,EOA,3,3042115.43,0xa7be183c88952ea81447d5c7e77d6b7db3e64f2c51028db8cf9f589237490bc1
219,0xbcde0d2ade03eb5256bafc32a46b719061c19878,contract,1,2207747.53,0x491872e29dc75a57ba1b1c61f0faa70367f8e2cf2b63d6cc56253913da93ab76
220,0x7b6c922f1c5e7f8ab1a2c922df53934f35ab6cde,EOA,1,2169917.18,0x74e7421647a56a73ce7d50f7dd1549f818917549d4e95738b3a717ddb2895b58
221,0x2551057741f0b6e47401a9d15c035eba9f34953d,contract,1,1969119.44,0x63071265dcf5502c5c3cce939220bc5876a48efe9c572da2a00fff7e2d35e066
222,0x1524db50dd3bb65cd17b47e75c99c889c65cf628,EOA,1,1879414.02,0x2201cdada00aac43dd79160ee0b7b7b00d0c3cfc5f566542959d612c427926c9
223,0xfa25bf1f3abc9109ff586a7745fd5bf25db9f3e5,EOA,1,1790995.47,0x2b284706b0b84acdeaf17be6b8a41768d2e98e34d237176b56a2db8183ee2e6c
224,0xaa730ca3b1811fa826bc2025857f1112cd285e9d,EOA,1,1587551.26,0xfd160ab44f65759eabc9be6c0f2eb29044d29768901329349c35ebaaa77ceb7d
225,0x00030021cefa00f00024ceeaad3bc9000055002d,contract,1,1460844.95,0xa222947a6ae6ea130fc0c6f09fb7f1028a882a17a6713948118793ed9a52db6b
226,0xe8d1c8d774c7af962a687fb97a69a413d81dd262,EOA,1,1270000.00,0xcd9db19656419e8bc7440d43743da06afe5b8fbb0595dafdcd9517c51991e27c
227,0x45358aded0ebe0388b07c2935f0b490b151a99f9,EOA,1,1016838.66,0x592265901f7daa7622ee18c8c4939ef01efa6b0cce7af95a40e981a381944d51
228,0x6a4fb55d17202dd67808f3fb0ad4cd0647ced3a1,EOA,1,896588.38,0xcc648a3ea3a00989fafc4684d8979d1d4b86c1004cd5d37a3067a255956551b2
229,0xfb32a11ae512ed3ca15282a8e408f5c804bb8847,EOA,1,883011.23,0xd2259917f2310fd994956184e052de1d8b7c59cde4ba4572b533d0afb8e07222
230,0x7c0bafbbfdb3f1bdc542e871fa5721a027a9410b,EOA,1,696642.31,0xec0252a909430a53fea1eed1deffcd54617a2bf75f027d5c9542e67c8a11a087
231,0x3605e3d797a2e237787c3cc8b1131b138d0dbd02,EOA,1,683068.48,0xdb816d0832dd043cc53f56d9f95d42ef22ea3958f5db23d2c646bc9420781bf4
232,0x923b6671903e487593f4e27ae6b9f4d2baaf9a39,EOA,1,640718.56,0x06d0a66a54782bc504c659a87450534c833bc96280ec7d69bbb0678716e1c6cc
233,0xfdb71c7ae32d13c55c87f1b179121b33f0483f13,EOA,1,624088.76,0x64d24b283e0e602b2b19d73748104f57ea11080ebea5e551a5b5df7ca267d74e
234,0x7886fbf0cde56f7e41c7591cd08eefae54b88686,EOA,1,604976.99,0xbc8dbf748cfc1a07d37c1732886cc11214d87abeacc90c58c56e5983db1fe524
235,0x6d0c96f4919a5efe9347742da55c3c05bfadc459,EOA,1,587126.40,0x238f73eb3325346e6f755613f72329f7dc82daf21b8e1b31faf8f9bf1ddf9340
236,0x3b774d3cbb2fbfc0617acef9ecf1b787c98a4798,EOA,1,538295.66,0xb04d85c6db41a7781feccd2b206f7bbab0e65149a556d8906d2a5a5db7866c66
237,0xb42833d6edd1241474d33ea99906fd4cbe893730,EOA,1,497500.00,0x4d66beff7842602665e210ae078fbfeb715f44b2837d89524e907dc79dec2fd1
238,0x6d825bac49c9649be4bbdd949313722ab72a220c,EOA,1,455355.54,0xe02162458c4b729e5c9e5cb0f4e9b482bfd5e25e653ce279b47f190af218e227
239,0x3cc31efceefadc2a86716a3bee91d1917418e29a,EOA,1,396360.41,0xa27d085ed696fef8a82d00627cb718754d5a7c26a7281567853b8358d3d5a772
240,0x18dd3c14e34c1bc379f7538068c59160d9f68e25,EOA,1,331524.72,0x90cffb05382731a457cd6d8286a77ae1618e354168bd11ba69651d3a6cb188be
241,0xa5a5491bca93dd4c076e4906e79e7673f4a5a142,EOA,1,330401.95,0xfaebcee91c4b69a1c61785c326f6928d90f642f68c330e3e3709d4a231d6b460
242,0xf20581724b7fc127e9238c9baa85d9c0c826db4e,EOA,1,326642.50,0x4de70fe613d64b90307aa1b2a4b84067871b043821ff2c3b9855dc8ffbe026cd
243,0xf42db7d93b70596f7fa390c9e7847cd6442d4e7a,EOA,1,324615.71,0x8a6eeaa2e3c2c527c4b744f8c770f6167db11db10f8af096a470e9e35a105271
244,0x3e79ec96b111edc82afcc0c1527ed0a99a2a28e9,EOA,1,302083.27,0x922a0d13c0c900ea23affa298bfd313907f52419c07c1e7048157ab8c28f7cab
245,0x358eb2f1a40f2a9b6ec2bda0bf5795a770727890,EOA,1,296070.50,0x7d838b8f7ffe3084a519c8d811c80b413c3ef71fcc695d109fb9fead9f851f6e
246,0x2fefe5b15b5121e61c683b119462fe163ede6aa9,EOA,1,258442.22,0x030527b11e82c2c90365366db1d5f4864b5215f84f537ccd9757ff8d340f7991
247,0x0ae014d4c4f7d179a859713f2366d10201de1f73,EOA,1,221097.86,0xc38fc317afadff42dcf19340ede21d88d00cc5fa842738caaae4ebacb500782f
248,0x2ea6204ec775f4e1a7306fdef9be476576be4e6f,contract,1,194802.78,0x54cd74dbfa11067d83910a93978b9602fe62a5edc948ed0c028167b0dd6a3492
249,0x120e806e1639cce859e49fcd3f2d55ee51a3cd62,contract,1,166558.19,0x4dd8c12f6b4722fe3b8cb598f3478dee9ca0ee7e16bb3c2e31470d11c95dc56b
250,0x983f740bcd8cf52807024b774b1597da0960f858,EOA,1,48174.20,0x2650997d150612ed71e8003e29ca0d0c8f4a7dc56cbb2f88226ff5c663446ba7
251,0xb8888a7552375ece538f1091066b2a9ae59d0a94,EOA,1,34330.61,0x2dc6b49c8999fbcda5f69eeaa0e8ffd0f237a7ffa63504912a9d4d2e93c24219
252,0x6d90c833326ab18ee91141f92adf7eb639990a63,contract,1,34220.04,0x3ab21be5b931f8d819df0e4bb5aa2e49627877da298f615f6ba11fc68c7e1f19
253,0xf00b25b401486024bb5802163631289d9f50bb71,EOA,1,26553.60,0x361d5e21eb066626ac5cadf3dc317169b64af75771bd598cf869a1e9866cec81
254,0xbcaa503d49e429e22b3c5ebd53dbf31259db6e15,contract,1,5880.03,0x90185d237d9880e927502184194af07481d04b38ee6304ef2b2cfdccd7624a91
255,0x0263784affc7792ae34980468502990e95156d08,EOA,1,12.38,0x84d18767b6a54cf1e1832d32e03c983cee395326039049fc17d5c8064ada89bc
